receiver_no, x, y, z, distance_by_rssi
1, 0, 0, 0, 0.5146318448460256
2, 0, 1, 0, 0.45866611451252054
3, 1, 0, 0, 0.7269368025034834
4, 1, 1, 0, 0.5146318448460256
